{
    "$schema": "http://schema.management.azure.com/schemas/2015-01-01/deploymentTemplate.json#",
    "contentVersion": "1.0.0.0",
    "parameters": {
        "subscriptionId": {
            "type": "string"
        },
        "name": {
            "type": "string"
        },
        "location": {
            "type": "string"
        },
        "storageBlobContainerName": {
            "type": "string"
        },
        "storageAccountName": {
            "type": "string"
        },
        "sku": {
            "type": "string"
        },
        "skuCode": {
            "type": "string"
        },
        "workerSize": {
            "type": "string"
        },
        "workerSizeId": {
            "type": "string"
        },
        "numberOfWorkers": {
            "type": "string"
        },
        "hostingPlanName": {
            "type": "string"
        },
        "serverFarmResourceGroup": {
            "type": "string"
        },
        "alwaysOn": {
            "type": "bool"
        }
    },
    "variables": {},
    "resources": [
        {
            "apiVersion": "2022-03-01",
            "name": "[parameters('name')]",
            "type": "Microsoft.Web/sites",
            "kind": "functionapp,linux",
            "location": "[parameters('location')]",
            "tags": {
                "hidden-link: /app-insights-resource-id": "/subscriptions/852e9ef4-b85d-454c-8aa5-abd810688d2f/resourceGroups/MultiSoftware_Enterprise/providers/Microsoft.Insights/components/omada1"
            },
            "dependsOn": [
                "microsoft.insights/components/omada1",
                "[concat('Microsoft.Web/serverfarms/', parameters('hostingPlanName'))]",
                "[concat('Microsoft.Storage/storageAccounts/', parameters('storageAccountName'))]"
            ],
            "properties": {
                "name": "[parameters('name')]",
                "siteConfig": {
                    "appSettings": [
                        {
                            "name": "DEPLOYMENT_STORAGE_CONNECTION_STRING",
                            "value": "[concat('DefaultEndpointsProtocol=https;AccountName=',parameters('storageAccountName'),';AccountKey=',listKeys(resourceId('Microsoft.Storage/storageAccounts', parameters('storageAccountName')), '2022-05-01').keys[0].value,';EndpointSuffix=','core.windows.net')]"
                        },
                        {
                            "name": "APPLICATIONINSIGHTS_CONNECTION_STRING",
                            "value": "[reference('microsoft.insights/components/omada1', '2015-05-01').ConnectionString]"
                        },
                        {
                            "name": "AzureWebJobsStorage",
                            "value": "[concat('DefaultEndpointsProtocol=https;AccountName=',parameters('storageAccountName'),';AccountKey=',listKeys(resourceId('Microsoft.Storage/storageAccounts', parameters('storageAccountName')), '2022-05-01').keys[0].value,';EndpointSuffix=','core.windows.net')]"
                        }
                    ],
                    "cors": {
                        "allowedOrigins": [
                            "https://portal.azure.com"
                        ]
                    }
                },
                "clientAffinityEnabled": false,
                "virtualNetworkSubnetId": null,
                "functionAppConfig": {
                    "deployment": {
                        "storage": {
                            "type": "blobContainer",
                            "value": "[concat('https://', parameters('storageAccountName'), '.blob.', 'core.windows.net', '/', parameters('storageBlobContainerName'))]",
                            "authentication": {
                                "type": "StorageAccountConnectionString",
                                "storageAccountConnectionStringName": "DEPLOYMENT_STORAGE_CONNECTION_STRING"
                            }
                        }
                    },
                    "scaleAndConcurrency": {
                        "maximumInstanceCount": 100,
                        "instanceMemoryMB": 2048
                    },
                    "runtime": {
                        "name": "dotnet-isolated",
                        "version": "8.0"
                    }
                },
                "publicNetworkAccess": "Enabled",
                "httpsOnly": true,
                "serverFarmId": "[concat('/subscriptions/', parameters('subscriptionId'),'/resourcegroups/', parameters('serverFarmResourceGroup'), '/providers/Microsoft.Web/serverfarms/', parameters('hostingPlanName'))]"
            },
            "resources": [
                {
                    "type": "Microsoft.Web/sites/basicPublishingCredentialsPolicies",
                    "apiVersion": "2022-09-01",
                    "name": "[concat(parameters('name'), '/scm')]",
                    "properties": {
                        "allow": false
                    },
                    "dependsOn": [
                        "[resourceId('Microsoft.Web/sites', parameters('name'))]"
                    ]
                },
                {
                    "type": "Microsoft.Web/sites/basicPublishingCredentialsPolicies",
                    "apiVersion": "2022-09-01",
                    "name": "[concat(parameters('name'), '/ftp')]",
                    "properties": {
                        "allow": false
                    },
                    "dependsOn": [
                        "[resourceId('Microsoft.Web/sites', parameters('name'))]"
                    ]
                }
            ]
        },
        {
            "apiVersion": "2018-11-01",
            "name": "[parameters('hostingPlanName')]",
            "type": "Microsoft.Web/serverfarms",
            "location": "[parameters('location')]",
            "kind": "linux",
            "tags": null,
            "dependsOn": [],
            "properties": {
                "name": "[parameters('hostingPlanName')]",
                "workerSize": "[parameters('workerSize')]",
                "workerSizeId": "[parameters('workerSizeId')]",
                "numberOfWorkers": "[parameters('numberOfWorkers')]",
                "reserved": true,
                "zoneRedundant": false
            },
            "sku": {
                "Tier": "[parameters('sku')]",
                "Name": "[parameters('skuCode')]"
            }
        },
        {
            "apiVersion": "2020-02-02-preview",
            "name": "omada1",
            "type": "microsoft.insights/components",
            "location": "northeurope",
            "tags": null,
            "dependsOn": [],
            "properties": {
                "ApplicationId": "[parameters('name')]",
                "Request_Source": "IbizaWebAppExtensionCreate",
                "Flow_Type": "Redfield",
                "Application_Type": "web",
                "WorkspaceResourceId": "/subscriptions/852e9ef4-b85d-454c-8aa5-abd810688d2f/resourceGroups/DefaultResourceGroup-NEU/providers/Microsoft.OperationalInsights/workspaces/DefaultWorkspace-852e9ef4-b85d-454c-8aa5-abd810688d2f-NEU",
                "DisableLocalAuth": false
            }
        },
        {
            "apiVersion": "2022-05-01",
            "type": "Microsoft.Storage/storageAccounts",
            "name": "[parameters('storageAccountName')]",
            "dependsOn": [],
            "location": "[parameters('location')]",
            "tags": null,
            "sku": {
                "name": "Standard_LRS"
            },
            "properties": {
                "supportsHttpsTrafficOnly": true,
                "minimumTlsVersion": "TLS1_2",
                "defaultToOAuthAuthentication": true,
                "allowBlobPublicAccess": false,
                "publicNetworkAccess": "Enabled"
            }
        },
        {
            "type": "Microsoft.Resources/deployments",
            "apiVersion": "2021-04-01",
            "name": "StorageBlobContainerTemplate",
            "dependsOn": [
                "[resourceId('Microsoft.Storage/storageAccounts', parameters('storageAccountName'))]"
            ],
            "resourceGroup": "MultiSoftware_Enterprise",
            "subscriptionId": "[parameters('subscriptionId')]",
            "properties": {
                "mode": "Incremental",
                "template": {
                    "$schema": "https://schema.management.azure.com/schemas/2019-04-01/deploymentTemplate.json#",
                    "contentVersion": "1.0.0.1",
                    "parameters": {},
                    "variables": {},
                    "resources": [
                        {
                            "name": "[concat(parameters('storageAccountName'), '/default')]",
                            "type": "Microsoft.Storage/storageAccounts/blobServices",
                            "apiVersion": "2022-05-01",
                            "dependsOn": []
                        },
                        {
                            "type": "Microsoft.Storage/storageAccounts/blobServices/containers",
                            "apiVersion": "2022-05-01",
                            "name": "[concat(parameters('storageAccountName'), '/default/', parameters('storageBlobContainerName'))]",
                            "dependsOn": [
                                "[resourceId('MultiSoftware_Enterprise','Microsoft.Storage/storageAccounts/blobServices', parameters('storageAccountName'), 'default')]"
                            ]
                        }
                    ]
                }
            }
        }
    ]
}