{
    "$schema": "https://schema.management.azure.com/schemas/2015-01-01/deploymentTemplate.json#",
    "contentVersion": "1.0.0.0",
    "parameters": {
        "location": {
            "type": "string"
        },
        "privateEndpointName": {
            "type": "string"
        },
        "privateLinkResource": {
            "type": "string"
        },
        "targetSubResource": {
            "type": "array"
        },
        "requestMessage": {
            "type": "string"
        },
        "subnet": {
            "type": "string"
        },
        "virtualNetworkId": {
            "type": "string"
        },
        "virtualNetworkResourceGroup": {
            "type": "string"
        },
        "subnetDeploymentName": {
            "type": "string"
        },
        "privateDnsDeploymentName": {
            "type": "string"
        }
    },
    "resources": [
        {
            "location": "[parameters('location')]",
            "name": "[parameters('privateEndpointName')]",
            "type": "Microsoft.Network/privateEndpoints",
            "apiVersion": "2021-05-01",
            "properties": {
                "subnet": {
                    "id": "[parameters('subnet')]"
                },
                "customNetworkInterfaceName": "mse_private_endpoint-nic",
                "privateLinkServiceConnections": [
                    {
                        "name": "[parameters('privateEndpointName')]",
                        "properties": {
                            "privateLinkServiceId": "[parameters('privateLinkResource')]",
                            "groupIds": "[parameters('targetSubResource')]"
                        }
                    }
                ]
            },
            "tags": {},
            "dependsOn": []
        },
        {
            "apiVersion": "2017-05-10",
            "name": "[parameters('privateDnsDeploymentName')]",
            "type": "Microsoft.Resources/deployments",
            "dependsOn": [
                "[parameters('privateEndpointName')]"
            ],
            "properties": {
                "mode": "Incremental",
                "template": {
                    "$schema": "https://schema.management.azure.com/schemas/2015-01-01/deploymentTemplate.json#",
                    "contentVersion": "1.0.0.0",
                    "resources": [
                        {
                            "apiVersion": "2017-05-10",
                            "name": "PrivateDnsZone-cc893fd5-e41f-4585-931a-4f5aa7f9109d",
                            "type": "Microsoft.Resources/deployments",
                            "subscriptionId": "852e9ef4-b85d-454c-8aa5-abd810688d2f",
                            "resourceGroup": "MultiSoftware_Enterprise",
                            "properties": {
                                "mode": "Incremental",
                                "template": {
                                    "$schema": "https://schema.management.azure.com/schemas/2015-01-01/deploymentTemplate.json#",
                                    "contentVersion": "1.0.0.0",
                                    "resources": [
                                        {
                                            "type": "Microsoft.Network/privateDnsZones",
                                            "apiVersion": "2018-09-01",
                                            "name": "privatelink.database.windows.net",
                                            "location": "global",
                                            "tags": {},
                                            "properties": {}
                                        }
                                    ]
                                }
                            }
                        }
                    ]
                }
            }
        },
        {
            "apiVersion": "2017-05-10",
            "name": "VirtualNetworkLink-20250501160819",
            "type": "Microsoft.Resources/deployments",
            "dependsOn": [
                "[parameters('privateDnsDeploymentName')]"
            ],
            "properties": {
                "mode": "Incremental",
                "template": {
                    "$schema": "https://schema.management.azure.com/schemas/2015-01-01/deploymentTemplate.json#",
                    "contentVersion": "1.0.0.0",
                    "resources": [
                        {
                            "apiVersion": "2017-05-10",
                            "name": "VirtualNetworklink-cc893fd5-e41f-4585-931a-4f5aa7f9109e",
                            "type": "Microsoft.Resources/deployments",
                            "subscriptionId": "852e9ef4-b85d-454c-8aa5-abd810688d2f",
                            "resourceGroup": "MultiSoftware_Enterprise",
                            "properties": {
                                "mode": "Incremental",
                                "template": {
                                    "$schema": "https://schema.management.azure.com/schemas/2015-01-01/deploymentTemplate.json#",
                                    "contentVersion": "1.0.0.0",
                                    "resources": [
                                        {
                                            "type": "Microsoft.Network/privateDnsZones/virtualNetworkLinks",
                                            "apiVersion": "2018-09-01",
                                            "name": "[concat('privatelink.database.windows.net', '/', uniqueString(parameters('virtualNetworkId')))]",
                                            "location": "global",
                                            "properties": {
                                                "virtualNetwork": {
                                                    "id": "[parameters('virtualNetworkId')]"
                                                },
                                                "registrationEnabled": false
                                            }
                                        }
                                    ]
                                }
                            }
                        }
                    ]
                }
            }
        },
        {
            "apiVersion": "2017-05-10",
            "name": "DnsZoneGroup-20250501160819",
            "type": "Microsoft.Resources/deployments",
            "resourceGroup": "MultiSoftware_Enterprise",
            "dependsOn": [
                "[parameters('privateEndpointName')]",
                "[parameters('privateDnsDeploymentName')]"
            ],
            "properties": {
                "mode": "Incremental",
                "template": {
                    "$schema": "https://schema.management.azure.com/schemas/2015-01-01/deploymentTemplate.json#",
                    "contentVersion": "1.0.0.0",
                    "resources": [
                        {
                            "type": "Microsoft.Network/privateEndpoints/privateDnsZoneGroups",
                            "apiVersion": "2021-05-01",
                            "name": "[concat(parameters('privateEndpointName'), '/', 'default')]",
                            "location": "[parameters('location')]",
                            "properties": {
                                "privateDnsZoneConfigs": [
                                    {
                                        "name": "privatelink-database-windows-net",
                                        "properties": {
                                            "privateDnsZoneId": "/subscriptions/852e9ef4-b85d-454c-8aa5-abd810688d2f/resourceGroups/MultiSoftware_Enterprise/providers/Microsoft.Network/privateDnsZones/privatelink.database.windows.net"
                                        }
                                    }
                                ]
                            }
                        }
                    ]
                }
            }
        }
    ]
}